{"cameraMode":{"drawMode":0,"name":"Shaded","section":"Shading Mode"},"sceneLighting":false,"audioPlay":false,"sceneViewState":{"showFog":true,"showMaterialUpdate":false,"showSkybox":false,"showFlares":true,"showImageEffects":true,"showParticleSystems":true,"showVisualEffectGraphs":true,"m_FxEnabled":false},"in2DMode":false,"pivot":{"x":0.16283641755580903,"y":0.0440562441945076,"z":0.09454631805419922},"rotation":{"x":-0.0575532540678978,"y":0.17694224417209626,"z":-0.010315755382180214,"w":-0.9825537204742432},"size":0.3535533845424652,"orthographic":false}