{"cameraMode":{"drawMode":0,"name":"Shaded","section":"Shading Mode"},"sceneLighting":true,"audioPlay":false,"sceneViewState":{"showFog":true,"showMaterialUpdate":false,"showSkybox":true,"showFlares":true,"showImageEffects":true,"showParticleSystems":true,"showVisualEffectGraphs":true,"m_FxEnabled":false},"in2DMode":false,"pivot":{"x":0.2850721478462219,"y":0.47634172439575198,"z":-0.15005993843078614},"rotation":{"x":0.35730862617492678,"y":0.008405699394643307,"z":-0.0032157369423657657,"w":0.933945894241333},"size":1.6443476676940919,"orthographic":false}