{"cameraMode":{"drawMode":0,"name":"Shaded","section":"Shading Mode"},"sceneLighting":true,"audioPlay":false,"sceneViewState":{"showFog":true,"showMaterialUpdate":false,"showSkybox":true,"showFlares":true,"showImageEffects":true,"showParticleSystems":true,"showVisualEffectGraphs":true,"m_FxEnabled":false},"in2DMode":false,"pivot":{"x":-0.07621890306472779,"y":0.08033087849617005,"z":0.05255687236785889},"rotation":{"x":0.00930416863411665,"y":-0.7839906215667725,"z":-0.011764350347220898,"w":-0.6206009984016419},"size":0.5638790130615234,"orthographic":true}