{"cameraMode":{"drawMode":0,"name":"Shaded","section":"Shading Mode"},"sceneLighting":true,"audioPlay":false,"sceneViewState":{"showFog":true,"showMaterialUpdate":false,"showSkybox":true,"showFlares":true,"showImageEffects":true,"showParticleSystems":true,"showVisualEffectGraphs":true,"m_FxEnabled":false},"in2DMode":false,"pivot":{"x":-0.48249951004981997,"y":-1.2790002822875977,"z":0.1701696664094925},"rotation":{"x":-0.18561173975467683,"y":0.7941850423812866,"z":0.29744184017181399,"w":0.49648475646972659},"size":0.2289777398109436,"orthographic":false}