{"cameraMode":{"drawMode":0,"name":"Shaded","section":"Shading Mode"},"sceneLighting":true,"audioPlay":false,"sceneViewState":{"showFog":true,"showMaterialUpdate":false,"showSkybox":true,"showFlares":true,"showImageEffects":true,"showParticleSystems":true,"showVisualEffectGraphs":true,"m_FxEnabled":false},"in2DMode":false,"pivot":{"x":0.08897536993026734,"y":0.5858158469200134,"z":-0.08961856365203858},"rotation":{"x":-0.24960117042064668,"y":-0.22443023324012757,"z":0.05959402397274971,"w":-0.9401769042015076},"size":0.8331820368766785,"orthographic":false}