{"cameraMode":{"drawMode":0,"name":"Shaded","section":"Shading Mode"},"sceneLighting":true,"audioPlay":false,"sceneViewState":{"showFog":true,"showMaterialUpdate":false,"showSkybox":true,"showFlares":true,"showImageEffects":true,"showParticleSystems":true,"showVisualEffectGraphs":true,"m_FxEnabled":false},"in2DMode":false,"pivot":{"x":1.5057929754257203,"y":-0.05067288875579834,"z":0.0033879801630973818},"rotation":{"x":-0.16008876264095307,"y":-0.6602972745895386,"z":0.1468985378742218,"w":-0.7190147042274475},"size":1.9956560134887696,"orthographic":false}