{"cameraMode":{"drawMode":0,"name":"Shaded","section":"Shading Mode"},"sceneLighting":true,"audioPlay":false,"sceneViewState":{"showFog":true,"showMaterialUpdate":false,"showSkybox":true,"showFlares":true,"showImageEffects":true,"showParticleSystems":true,"showVisualEffectGraphs":true,"m_FxEnabled":false},"in2DMode":false,"pivot":{"x":-0.2619224786758423,"y":0.30974113941192629,"z":-0.009634086862206459},"rotation":{"x":0.2052660882472992,"y":0.6797147393226624,"z":-0.20703010261058808,"w":0.6731613278388977},"size":1.2326316833496094,"orthographic":false}