{"cameraMode":{"drawMode":0,"name":"Shaded","section":"Shading Mode"},"sceneLighting":true,"audioPlay":false,"sceneViewState":{"showFog":true,"showMaterialUpdate":false,"showSkybox":true,"showFlares":true,"showImageEffects":true,"showParticleSystems":true,"showVisualEffectGraphs":true,"m_FxEnabled":false},"in2DMode":false,"pivot":{"x":0.048033565282821658,"y":0.16712066531181336,"z":0.1066441535949707},"rotation":{"x":0.48562467098236086,"y":0.08939379453659058,"z":-0.04999532923102379,"w":0.8681831359863281},"size":0.5754880309104919,"orthographic":true}