{"cameraMode":{"drawMode":0,"name":"Shaded","section":"Shading Mode"},"sceneLighting":true,"audioPlay":false,"sceneViewState":{"showFog":true,"showMaterialUpdate":false,"showSkybox":true,"showFlares":true,"showImageEffects":true,"showParticleSystems":true,"showVisualEffectGraphs":true,"m_FxEnabled":false},"in2DMode":false,"pivot":{"x":0.44361090660095217,"y":0.031106233596801759,"z":-0.13578802347183228},"rotation":{"x":-0.3140300512313843,"y":-0.6638221740722656,"z":0.36347833275794985,"w":-0.5733973979949951},"size":1.3956561088562012,"orthographic":false}