{"cameraMode":{"drawMode":0,"name":"Shaded","section":"Shading Mode"},"sceneLighting":true,"audioPlay":false,"sceneViewState":{"showFog":true,"showMaterialUpdate":false,"showSkybox":true,"showFlares":true,"showImageEffects":true,"showParticleSystems":true,"showVisualEffectGraphs":true,"m_FxEnabled":false},"in2DMode":false,"pivot":{"x":154.09866333007813,"y":17.787704467773439,"z":114.25125122070313},"rotation":{"x":0.09724899381399155,"y":0.04506867378950119,"z":-0.004391076974570751,"w":0.9942554831504822},"size":201.00218200683595,"orthographic":false}