{"cameraMode":{"drawMode":0,"name":"Shaded","section":"Shading Mode"},"sceneLighting":true,"audioPlay":false,"sceneViewState":{"showFog":true,"showMaterialUpdate":false,"showSkybox":true,"showFlares":true,"showImageEffects":true,"showParticleSystems":true,"showVisualEffectGraphs":true,"m_FxEnabled":false},"in2DMode":false,"pivot":{"x":-1.1181864738464356,"y":0.7238135933876038,"z":0.5631592869758606},"rotation":{"x":0.05167113617062569,"y":0.9110898375511169,"z":-0.11977904289960861,"w":0.39121073484420779},"size":0.6710222959518433,"orthographic":false}